l,m,n,a,omega1
2,-1,1,0.05,0.03091939723947590950598277547906384917+0.02738298868434484260841973742836658392*I
2,-1,1,0.1,0.029300876694441008007615060149447334+0.02590374662009016418469194277630892453*I
2,-1,1,0.15,0.02779611688008424555428692042481413653+0.02438714567389195157419018496467066479*I
2,-1,1,0.2,0.0264157247898355639288527994606113891+0.022833741468980719311482909728754067*I
2,-1,1,0.25,0.0251716096680974458913338878670495722+0.02124362301561224280785942215089302133*I
2,-1,1,0.3,0.02407733633356283769734145684048643735+0.01961680329119610739717073430314583986*I
2,-1,1,0.35,0.0231485015998258201709988410267534725+0.01795366434473696980306084703811835881*I
2,-1,1,0.4,0.02240313371755622268040859850840811151+0.01625550276679921911513002779306010634*I
2,-1,1,0.45,0.02186210239670659358910572544093802391+0.01452523387337763496138135469889953776*I
2,-1,1,0.5,0.02154950402881933218893042492687174239+0.01276833055897477220817331446233687189*I
2,-1,1,0.55,0.02149294367360082244084892218684902826+0.01099409417320673848245316734620056638*I
2,-1,1,0.6,0.02172355508214876550103647860292310187+0.00921737328616669710894022121800657729*I
2,-1,1,0.65,0.02227545300260906931416186960385111605+0.00746083978951141769409029666995005809*I
2,-1,1,0.7,0.02318405277913547348374469803240021184+0.00575783755718992559317955310216255271*I
2,-1,1,0.75,0.02448227250989661297696357342859216783+0.00415547180172997627256434969866210206*I
2,-1,1,0.8,0.02619309425218094967944223173709429765+0.00271660995209712849449804865103208905*I
2,-1,1,0.85,0.02831680337707546835810290976837513992+0.0015170010640888037013291123180128541*I
2,-1,1,0.9,0.03081338879953925140135278574640887728+0.00062868246474629243791940808039815952*I
2,-1,1,0.91,0.03135014015149373878245749608314027331+0.00049205530785921515552277396724929058*I
2,-1,1,0.92,0.03189718443811083872479778417059201168+0.00036889998305070480580283547177021941*I
2,-1,1,0.93,0.03245343216228232270044633123416271352+0.00025864850719341586068717696447541043*I
2,-1,1,0.94,0.03301774059972036813820834747178036249+0.00016038863088410556991280716420570802*I
2,-1,1,0.95,0.03358893327902956455323167154409910572+0.0000727749249413227344191093625145493*I
2,-1,1,0.96,0.03416582472777966195275203135346636107-6.0992032188392595516317711425585*^-6*I
2,-1,1,0.97,0.03474725307748645668563641217318055562-0.000078902746466998648467983687032603*I
2,-1,1,0.98,0.03533212689140055704467575233614601671-0.00014942275469401394414283560437000069*I
2,-1,1,0.99,0.03591806231034125286835981792832907128-0.00022236213380814554969090270842903333*I
2,-2,1,0.05,0.02919221742821073382061545410401887702+0.02608856790214472198072791678107949857*I
2,-2,1,0.1,0.02592401158688635840512609442099006011+0.02355198957681365941220352179699116126*I
2,-2,1,0.15,0.02283028140798611180781909892510294312+0.02119556842116915704836276444295435567*I
2,-2,1,0.2,0.01990505088600420105546709710183775826+0.01900327938811281639347848175513284619*I
2,-2,1,0.25,0.01714341444513038679842012074610077324+0.01696105311100900436756818330214918395*I
2,-2,1,0.3,0.01454147001403619296808597954975082508+0.01505663016862897020650996989240079018*I
2,-2,1,0.35,0.01209626814524018049114578666992076699+0.01327945774462333901086745323751102441*I
2,-2,1,0.4,0.00980577041165397355973461681780817399+0.01162062611125296020813216024150766729*I
2,-2,1,0.45,0.00766881116617018531927532380934834768+0.01007284237868292034022876356663656178*I
2,-2,1,0.5,0.00568505766720319287382567636335512039+0.00863043812664329890406961010925952576*I
2,-2,1,0.55,0.00385496558377150069002471427022670049+0.00728940560570089910086327596781945269*I
2,-2,1,0.6,0.00217973191241939911604921203475100738+0.00604745407388560214730561278565201172*I
2,-2,1,0.65,0.0006612589977421468041734981315533282+0.00490407423385503684606319767820881679*I
2,-2,1,0.7,-0.00069783160088206522953808819958884419+0.00386059774399201385818627087513428699*I
2,-2,1,0.75,-0.00189404595902796709502382620473231943+0.0029202495078494587086086064983337999*I
2,-2,1,0.8,-0.00292253676139535943277109045225255238+0.00208823597754486614392974540232308117*I
2,-2,1,0.85,-0.00377590674627271017063820158997157554+0.00137204815495272074104873011901020033*I
2,-2,1,0.9,-0.00444143390600274972087329653934493214+0.00078253113571737599573501491402889537*I
2,-2,1,0.91,-0.00455016590994456575305991662494222452+0.00068118681482176004161034015375174527*I
2,-2,1,0.92,-0.00465018621199074530483486739056280917+0.00058576373117686654564562936584996069*I
2,-2,1,0.93,-0.00474115102657417137834162954442372927+0.00049648843563624465859461129385638525*I
2,-2,1,0.94,-0.0048226480722189023796174479178278195+0.00041362931533342149385452667534333697*I
2,-2,1,0.95,-0.00489417526007999429815087671089752533+0.00033751085428491248719188070192693525*I
2,-2,1,0.96,-0.00495510832945303412107335851774741981+0.0002685355000974505342015295533803836*I
2,-2,1,0.97,-0.005004648414321947142709140151938919+0.00020722000102428632069026832936151403*I
2,-2,1,0.98,-0.00504172706086765998492237136639364403+0.00015426260159636373555338977965913181*I
2,-2,1,0.99,-0.0050643945421452002960472549597197205+0.00011257902283096133957754672770966198*I
2,0,1,0.05,0.03267384251286410528342191354274522615+0.02875958697055463759040918071714979954*I
2,0,1,0.1,0.03277008959647027997440724093069744518+0.02856857432537392656281279285147738932*I
2,0,1,0.15,0.03293325167448076849423292577190484169+0.02825248901499600736027056735761135822*I
2,0,1,0.2,0.03316739904526650185826514207525189533+0.02781507178590103944500205778743447705*I
2,0,1,0.25,0.03347808951604914925928579499490009714+0.02726227325048703245996830371873986552*I
2,0,1,0.3,0.03387214772973554250032430997126734518+0.02660306501750354173372574777372534089*I
2,0,1,0.35,0.0343572402190140040465442840111627307+0.02585063747346276630300517768617077977*I
2,0,1,0.4,0.03494108260255623460495866326766545546+0.02502412988293119250181553136997131265*I
2,0,1,0.45,0.03562998812423158053256997074491484307+0.02415110785636304299408223781462332114*I
2,0,1,0.5,0.03642623209623447662354481941784227825+0.02327109851796385322782254856774263385*I
2,0,1,0.55,0.03732326090693237681469930249612468895+0.02244061404108872433523887915464909276*I
2,0,1,0.6,0.03829689937997412806936639051552324653+0.02174020704275574967041931676667212261*I
2,0,1,0.65,0.03928893418866011951245257562616395885+0.02128405553967929670350880494993591974*I
2,0,1,0.7,0.0401757210901061101830627669872751873+0.02123179612867168717998029124549813882*I
2,0,1,0.75,0.04070642515441419302150687411041776831+0.02179870413701667335152950850148751956*I
2,0,1,0.8,0.04037831220615901670033204427878070201+0.02324598334765391081584711206648684819*I
2,0,1,0.85,0.03818493355010557253067933795680076518+0.02577755209403188536895153942602432976*I
2,0,1,0.9,0.03216948108920197075489117008198059798+0.02906137313507457040647543988071524502*I
2,0,1,0.91,0.03024293977283872411907255204074389397+0.02965770169496050452705073434261263959*I
2,0,1,0.92,0.02800855251435634807694085096073937736+0.03015935598290474665071923530431841706*I
2,0,1,0.93,0.02544083143296182227788488305852490941+0.03051462457709603224773791785889198544*I
2,0,1,0.94,0.02252100573441720116150437572908185817+0.03065977628450298363585650789764374436*I
2,0,1,0.95,0.01924134399181708340305224264134251267+0.03051941723171112888341942594239164534*I
2,0,1,0.96,0.01560964032186219140036055056475503609+0.03000863762613101654797545109782429122*I
2,0,1,0.97,0.01165277061894448194088617204829921499+0.02903691406294354088313067389514097246*I
2,0,1,0.98,0.0074184638912878238604110455134774074+0.02751275437092683407904768410909883587*I
2,0,1,0.99,0.00297594459287532591407540618842146742+0.02534747403770146155931915454559466586*I
2,1,1,0.05,0.03445978455257905905496246207973876442+0.03022257704959958780427760177247481946*I
2,1,1,0.1,0.0363639179858771978401157572230839936+0.03157598399973231646093083714485379583*I
2,1,1,0.15,0.03834562042156949272258869717699270497+0.03287716641456993356072629808450534471*I
2,1,1,0.2,0.04039553701836273384986885686993865019+0.03411668839342429140127232439086837138*I
2,1,1,0.25,0.04250321831419034916412700759960856565+0.03528130849855462506834407095780916158*I
2,1,1,0.3,0.04465638410675749990711734323815974572+0.03635276869438428454476098814420605881*I
2,1,1,0.35,0.04683989739161362309459176830627468868+0.03730612684660450057734438985117281442*I
2,1,1,0.4,0.04903426591025666797367635879070126096+0.03810741031704102978493116836415186511*I
2,1,1,0.45,0.05121335614905482019922627266178567345+0.03871023685691383217111466140164142013*I
2,1,1,0.5,0.05334075139181583996773665371052062473+0.03905081818260309480921616153571816761*I
2,1,1,0.55,0.05536367850098312203527848989917144347+0.03904033640574682076575485516994936509*I
2,1,1,0.6,0.05720235419309606105754424208554576597+0.03855285309163239043701937332757295179*I
2,1,1,0.65,0.05873016674866673042013740293738040458+0.03740516616545676182223913668704678405*I
2,1,1,0.7,0.05973411138889990401539849635284306984+0.03532100660523936641428524776293258773*I
2,1,1,0.75,0.05982850303256440226881946792063856599+0.03186147960384142440177752293945867058*I
2,1,1,0.8,0.05824368205809412980789020693506889896+0.02627134957875525495099646723730090985*I
2,1,1,0.85,0.05321826901374994661718683615608957576+0.01706422541184509941062851633299984584*I
2,1,1,0.9,0.0397713405393001456962309927903583654+0.00044662852496711757491529687976520683*I
2,1,1,0.91,0.03494801376293670477020743625554949326-0.00463311484163755102120232762269287455*I
2,1,1,0.92,0.02887451800289739456540325100057233246-0.01075794620353879268111650546022024061*I
2,1,1,0.93,0.02111167993293755969870142081242634524-0.01836543444588555347641698041481133279*I
2,1,1,0.94,0.0110126902463698539888710514091961297-0.02821610060175860797694475178414127762*I
2,1,1,0.95,-0.00237215083600498885731588094000289044-0.04175411297390547395303925967399365252*I
2,1,1,0.96,-0.02029993389346868600007747574687219732-0.06203094818833112820421294042991093181*I
2,1,1,0.97,-0.04329193272007208277143926046650055884-0.09625075739867288701751360960780432903*I
2,1,1,0.98,-0.06180538535098024638839657069087818539-0.16065748560100011948501670330687455148*I
2,1,1,0.99,-0.02975764431968036442952049542610449426-0.24465179308471338181211955529086736898*I
2,2,1,0.05,0.03628189422540811273613971349552281925+0.03177727228302098528020355103568916359*I
2,2,1,0.1,0.04012167979655094631764706560247571865+0.03497320317153894508301478768143888722*I
2,2,1,0.15,0.04417299511920999545793867917955831588+0.03843755672837736740370911634069834527*I
2,2,1,0.2,0.048449510064632702127493577727593197+0.04220009729289785119950866373680107385*I
2,2,1,0.25,0.05296747898109823101771774499645418828+0.04629458187667595754178614246510794639*I
2,2,1,0.3,0.05774650644301667694413876209741772345+0.0507593795162021134090965969590837981*I
2,2,1,0.35,0.06281070923005765699249513864142723979+0.05563821775610612528123496187949352957*I
2,2,1,0.4,0.0681905263537298138006258354722045599+0.06098109521300628927081267266816279045*I
2,2,1,0.45,0.07392562219986429186794652961640688482+0.06684542898427175224865107880169404401*I
2,2,1,0.5,0.0800696977086839293971689194423726629+0.07329757365693545292443812327581957801*I
2,2,1,0.55,0.0866987642473282064329246986218237182+0.0804150144074595784610483140340316336*I
2,2,1,0.6,0.09392599362509160649961130318042474575+0.08828996572427844681002544786205862393*I
2,2,1,0.65,0.10192975582950338439420832240628908666+0.09703629032237096171296645096021136137*I
2,2,1,0.7,0.11100993987405868441346029409795958932+0.10680516734041229712639063871162562966*I
2,2,1,0.75,0.12171035948287944402249265076569180094+0.11782641857422339077678478781905489901*I
2,2,1,0.8,0.13511426451648153501299051356793205374+0.13053499573693085251164703713321611298*I
2,2,1,0.85,0.15367310158111674074316468070845366322+0.14603163287480805180407124153571074722*I
2,2,1,0.9,0.18415232084609512371360731285033124419+0.16824517635061519383256703914886526895*I
2,2,1,0.91,0.19317770721511972982949114772416692103+0.17457484947714079469214641510230286781*I
2,2,1,0.92,0.20389876577060066180109517970549116513+0.18214524636368233797581803634879081533*I
2,2,1,0.93,0.21691768022145225863182122664282692158+0.19153363692533324900936556960924538591*I
2,2,1,0.94,0.23316955070458944925169531705817527239+0.20370594998872387360667580579624521231*I
2,2,1,0.95,0.25420256674815272476646270929807611835+0.22038638558442431576195817974278762428*I
2,2,1,0.96,0.28281669570970176066097881069558514109+0.24493691394339613931438216320287085675*I
2,2,1,0.97,0.3247776921252439022881679376449590771+0.28481589949825386236192862599436835552*I
2,2,1,0.98,0.39475387816955998944296394465340602145+0.36042927022343954999019917285015543722*I
2,2,1,0.99,0.5497066002852962934900356892240068358+0.55680053063831016968329349909046656056*I
3,-1,1,0.05,0.02884187542885535166007172941999880187+0.02414803151908421750183861578336342485*I
3,-1,1,0.1,0.02786948468981655221949329666105881974+0.02308118041962189907982650215981462218*I
3,-1,1,0.15,0.02707434757428378159697166718273838846+0.02200623942229008497641723635050375401*I
3,-1,1,0.2,0.02645392182670052908419010252127689367+0.02092916813004130459801970038787958974*I
3,-1,1,0.25,0.02600605250618505539875762466077391144+0.01985638408368135234374858428731990732*I
3,-1,1,0.3,0.02572860501365735175986344873041435626+0.01879484622902472441672150880795523733*I
3,-1,1,0.35,0.02561901001379860192936587137477721071+0.01775210849122859663923457432758590679*I
3,-1,1,0.4,0.02567367590794078127841536331959592655+0.01673630909384378317245892031920549477*I
3,-1,1,0.45,0.0258872109035309057208288559730637399+0.01575603755319812154136126782411554596*I
3,-1,1,0.5,0.0262513795732996608380688214378334545+0.01481997989097481021772028962602018393*I
3,-1,1,0.55,0.02675370021409021026326152092735674047+0.01393617087642481536339799579148572699*I
3,-1,1,0.6,0.02737557687383667549478816876718709964+0.0131105579968433731271874867313925842*I
3,-1,1,0.65,0.02808987494812441178212376821414565096+0.01234436783506255543111054345076651437*I
3,-1,1,0.7,0.02885794585572108652314965390112519173+0.0116294006870677727269801473131094555*I
3,-1,1,0.75,0.02962641174245029929341105681635993078+0.01093977490168412205694270601971435545*I
3,-1,1,0.8,0.0303248073294029069288300626819314409+0.01021770097578795286210510478028124959*I
3,-1,1,0.85,0.03086691653223022389141488611586053187+0.00934955438205012533617075041345276778*I
3,-1,1,0.9,0.03116169354923765263100611051473312724+0.00812678976129401911115460888879394713*I
3,-1,1,0.91,0.03118414839966750192279049199919485357+0.0078111597047190066907002187977759497*I
3,-1,1,0.92,0.03119350373438184436895487923470854849+0.00746350006294332785167476415396350033*I
3,-1,1,0.93,0.03118959652628329555711078140106473412+0.0070793552695047986296318595556043858*I
3,-1,1,0.94,0.0311724119806609107916352422160568456+0.00665369631813429642721795060335538837*I
3,-1,1,0.95,0.03114209358371405530936095002030652218+0.00618079847764530642985574053461491425*I
3,-1,1,0.96,0.0310989419292561668848781559917173802+0.00565405638818206108620106992397862318*I
3,-1,1,0.97,0.03104339010680904087694977612550196716+0.00506568215422215381995527087601912333*I
3,-1,1,0.98,0.03097592550912585755887017946630877143+0.00440615783724586892006660483275873493*I
3,-1,1,0.99,0.03089686523712821501724331207553974082+0.00366305575092520394160522028169959599*I
3,-2,1,0.05,0.02760671613386904212153982215958832682+0.02315954353630931973843590128098010963*I
3,-2,1,0.1,0.02541451499495786005643999815614089079+0.02121238877431056343866099522676202365*I
3,-2,1,0.15,0.02341026909398340335534393162035107694+0.01935923247115084503354665573760217534*I
3,-2,1,0.2,0.02158710396896613173589149773304432969+0.01759969882575998304342233162375617239*I
3,-2,1,0.25,0.01993894873298983794190907743138986879+0.0159336832476107789941319529911763903*I
3,-2,1,0.3,0.01846033099346992097719897098156280918+0.01436146377967696021894124034495273418*I
3,-2,1,0.35,0.01714616663153135201206447238413177242+0.01288378174311487538752944500739075951*I
3,-2,1,0.4,0.015991532181286832241910810890417581+0.01150188912946398298158998724981415936*I
3,-2,1,0.45,0.01499140693253551277203990516146255566+0.01021755391138750989229975837179428867*I
3,-2,1,0.5,0.01414037111248706362297801105008351763+0.00903300584466578671771849284807354759*I
3,-2,1,0.55,0.01343224617889048863797132684774982823+0.00795079297910998044880998170105983642*I
3,-2,1,0.6,0.01285966443380534122770692418185281823+0.0069735007526854435239373318529093039*I
3,-2,1,0.65,0.01241355959921543529262547988360629302+0.00610325775583923931794087279620121638*I
3,-2,1,0.7,0.01208258021416207508178593984041741872+0.0053409091774351091241705500223381063*I
3,-2,1,0.75,0.01185244620854721686035505234031994369+0.00468466888334838338921771914693128699*I
3,-2,1,0.8,0.01170529432718513641164041846340715578+0.00412793429308431625430656501253651052*I
3,-2,1,0.85,0.01161907179094951660436851359860667254+0.0036556693540315469771912435247057908*I
3,-2,1,0.9,0.01156696314377138944163667027441851051+0.0032379602636430887285110355099404337*I
3,-2,1,0.91,0.01155789221189695175214036132723123116+0.00315659578174663237673223265785210455*I
3,-2,1,0.92,0.01154861542242153769187975411832206615+0.00307458962500339549494759813365727528*I
3,-2,1,0.93,0.01153882354434591200472810885671027544+0.00299116306501633230241166003862942146*I
3,-2,1,0.94,0.01152818829992299862573977643152526536+0.00290539903674485134475413745301194708*I
3,-2,1,0.95,0.01151635710931173192254230072655171333+0.00281620234005733448121527073984148542*I
3,-2,1,0.96,0.01150294469914811745808200536395363819+0.00272223943560017635409764526687798122*I
3,-2,1,0.97,0.01148751884148816626152807215193367967+0.00262184062177741259157152128411158641*I
3,-2,1,0.98,0.01146957367620498636653249544491253246+0.00251282356119402950101333291670365461*I
3,-2,1,0.99,0.01144847219257686256773541757131999534+0.0023921197384371659321461190200522842*I
3,-3,1,0.05,0.02637824429224278976194161739196680153+0.02220564231355168524241235246616798066*I
3,-3,1,0.1,0.02298620578108467440242628929312184612+0.01946960648079080888689131315454605324*I
3,-3,1,0.15,0.01980624598099273894466834665584890722+0.01697054750846839256797605368275016499*I
3,-3,1,0.2,0.01682757466967415304323532800818343175+0.01468870006054145788383915785487933739*I
3,-3,1,0.25,0.01404080382070955937979090614350780388+0.0126067416948527228434964844463183345*I
3,-3,1,0.3,0.01143779379014891406395130029787233305+0.01070951043320267818023331507561889037*I
3,-3,1,0.35,0.00901154445131803265928633766256555414+0.008983767763354828674965749665676251*I
3,-3,1,0.4,0.00675612633957037506208150524321221318+0.00741800109347152715054946512752504949*I
3,-3,1,0.45,0.0046666513141313959343322336504368398+0.00600226149684440754807707532545926818*I
3,-3,1,0.5,0.00273928696357055438067831529258337947+0.00472803470320045018595016600247056679*I
3,-3,1,0.55,0.00097132493899322527947905758905813084+0.0035881461428182119149698505345766273*I
3,-3,1,0.6,-0.00063867795566485557020814238286929744+0.00257670519498828842383786314380982343*I
3,-3,1,0.65,-0.00209065314450434781740490187006812258+0.00168910107840322142577256099020429264*I
3,-3,1,0.7,-0.00338261077799516088680579652109989475+0.00092207599518629657567889044914051446*I
3,-3,1,0.75,-0.00450996256940959380411039905507341091+0.00027392680657148307644902753521430904*I
3,-3,1,0.8,-0.00546437072305940276133679392795653003-0.00025505863939147459134603136930571123*I
3,-3,1,0.85,-0.00623166998420024374621658746176840826-0.00066169136740064955323436163552046852*I
3,-3,1,0.9,-0.00678769718901294774698983139354939856-0.00093787121988203263474520049214238822*I
3,-3,1,0.91,-0.00687022649947071328960463531570798791-0.00097614297873889473228403097119166087*I
3,-3,1,0.92,-0.00694217580273046750862679506855667298-0.00100832069563923689286186314689831035*I
3,-3,1,0.93,-0.00700296374795970755818464426989026027-0.00103414109660200316277519506804947718*I
3,-3,1,0.94,-0.00705190291438864023853727905019280455-0.00105328447743600607927850869069193119*I
3,-3,1,0.95,-0.00708816698494309368351531039306987661-0.00106535627165395228938522288831837801*I
3,-3,1,0.96,-0.00711074079664676344229989436147909941-0.00106985867875991015296460676526667564*I
3,-3,1,0.97,-0.00711833879849543211215543236860944346-0.00106614377145955353382919244046635152*I
3,-3,1,0.98,-0.00710925741626691346763372553161934112-0.00105332743352666043838450463024832882*I
3,-3,1,0.99,-0.00708105567117040294363372173648342392-0.00103009604493953148838079507057740266*I
3,0,1,0.05,0.03008375160711709963643313177918008548+0.0251727291697158198504847967468317263*I
3,0,1,0.1,0.03035133029543891770212467685628695844+0.02508774460086340014067035784954368233*I
3,0,1,0.15,0.03079932761019792552018644813981128478+0.02494753153968058600282947458617959009*I
3,0,1,0.2,0.03143076910893296378572985919173114095+0.02475427622629480580738071033724091712*I
3,0,1,0.25,0.03224983740850694388787669558747292255+0.02451112448648668319028744365679177364*I
3,0,1,0.3,0.03326180500872880790886805804063673443+0.02422225628996058562148511923715193522*I
3,0,1,0.35,0.03447292664644996979442476257874676584+0.02389296119967432071957451156074997379*I
3,0,1,0.4,0.03589027351304628334711505100762504877+0.02352968791200670187095582243941357388*I
3,0,1,0.45,0.03752148746717858766586243159674641726+0.02314001726107209533101621890469503854*I
3,0,1,0.5,0.0393744333187964090077749556709537857+0.02273246396748743604667955969080436358*I
3,0,1,0.55,0.04145674148555633386866326286683539076+0.02231593062543830380152561917029683425*I
3,0,1,0.6,0.04377528937224893802874850277027024012+0.02189848539024236717056573766757004018*I
3,0,1,0.65,0.0463358418600559874523528184925719104+0.02148485339107147875557540126929858228*I
3,0,1,0.7,0.04914356091524313271856498670972255412+0.021071503664836252174371938983034432*I
3,0,1,0.75,0.05220645824852298005436378854471003488+0.0206373733368251720894485735435087632*I
3,0,1,0.8,0.05554764704615246673478256303055418258+0.02012731022391781115787666871711472791*I
3,0,1,0.85,0.05924248991476469036108702556131579809+0.01942671046089456383335176897046039492*I
3,0,1,0.9,0.0635206137454913684660777874940214472+0.01834417452001711202096200274679029834*I
3,0,1,0.91,0.06448963702851135023129968679990765257+0.01806299790572062417620852552895699465*I
3,0,1,0.92,0.06551168220795476340121683746715193563+0.01775803033840111782191362909628805744*I
3,0,1,0.93,0.06659539002262363960434838734270265144+0.01742990437951162947163573324563441149*I
3,0,1,0.94,0.0677503569259741466535813781446488275+0.01708064949254276430492053459667640059*I
3,0,1,0.95,0.06898683769879662831947587078416197933+0.01671405196651198505210841052973997963*I
3,0,1,0.96,0.07031522050760539410219798861120284227+0.01633590437469663689838235687344881284*I
3,0,1,0.97,0.07174523986520276121324171456861748978+0.01595396282364182185609139969136635675*I
3,0,1,0.98,0.07328491994854172234467976003153339903+0.01557728906154928414893398240763377643*I
3,0,1,0.99,0.07493922116632020363023345563346755748+0.01521424017125289324407208961481543436*I
3,1,1,0.05,0.03133237689962400380046302149911717495+0.02623536782846971468632565240185792048*I
3,1,1,0.1,0.03286022132887544054147574121581214649+0.02724543467442073638336290446567007209*I
3,1,1,0.15,0.03458537532188284459101782174314516666+0.02822646977057912717208940255123596097*I
3,1,1,0.2,0.03651683946198578602299231748078874855+0.02917373200659889838950541213540372595*I
3,1,1,0.25,0.03866594512661971060998082087838033661+0.03008276435485749727620390796740359674*I
3,1,1,0.3,0.04104685637440352641280682983241586+0.03094962037654655011800401707114185923*I
3,1,1,0.35,0.04367719683018499615510563880361532248+0.0317713057150492083705060967440592332*I
3,1,1,0.4,0.04657884007704591664577587532840840444+0.03254657961852865596972400145800213841*I
3,1,1,0.45,0.0497789053229426711967761635641692975+0.03327737242272956955631790657107816807*I
3,1,1,0.5,0.05331099183492835127911104246062640766+0.03397128281276081107820342466056809812*I
3,1,1,0.75,0.07773005526628566821092986519335784047+0.03858196174222796497126259796605647797*I
3,1,1,0.8,0.08436576445727625795248915177552061732+0.04104641959314181694762033619083467378*I
3,1,1,0.85,0.09143333061863200907740319459089701537+0.04561511597682969798763824609416583776*I
3,1,1,0.9,0.09771603875365760126142620734612482415+0.05487282587671115544698208673739249696*I
3,1,1,0.91,0.0985299905430765824432227334229836763+0.05773571480355897727143821696832119512*I
3,1,1,0.92,0.09901370907729362998234632853960382245+0.06109126333744249416551279346740675622*I
3,1,1,0.93,0.09901521595135527429209606571053574896+0.0650259561991460731365095188537270548*I
3,1,1,0.94,0.09831171130582251288737168433931589194+0.06962760658703949677593926036747630496*I
3,1,1,0.95,0.0965757461095081864697385066662108359+0.07496349942370194799311042721799863303*I
3,1,1,0.96,0.09333262039180236708736782985034880182+0.08102796148933308765351770416959978858*I
3,1,1,0.97,0.08792854303841995459296092773914658791+0.08763115819182235289155579171358861148*I
3,1,1,0.98,0.07957764049207989734683011992712647307+0.09420824016665655457412429682834273895*I
3,1,1,0.99,0.06760502640684124805086072810454468737+0.09962292386070244666191581516471410347*I
3,2,1,0.05,0.03258779206173820015623527500696714151+0.02733779714243334609709085980651212792*I
3,2,1,0.1,0.03539645533522130938560021918914411895+0.02956948131451854258852460384873589364*I
3,2,1,0.15,0.03843323351730256521494231929489202137+0.03189578195526803052223973084565982768*I
3,2,1,0.2,0.04171282703393995059472992435344273872+0.03431520410900231858571999740792187911*I
3,2,1,0.25,0.04525264476279850807809599975894287473+0.03682467498224432205200804502883482167*I
3,2,1,0.3,0.04907342961470738983383875509853319525+0.03941879825752465181066237634906338536*I
3,2,1,0.35,0.05320006952254424455983693634985520277+0.04208883900087035559091316647996796348*I
3,2,1,0.4,0.05766265892430149495921194783754519059+0.04482133353624341018471470359486939429*I
3,2,1,0.45,0.06249789483133606475552172548189998935+0.04759618031233119451578875559717279599*I
3,2,1,0.5,0.0677509074934223217721693670363373007+0.05038402474845107710911542156491596558*I
3,2,1,0.55,0.07347761692750743116925084843782915164+0.05314272482949674084285070774193045456*I
3,2,1,0.6,0.07974760266188057386780674973178205622+0.05581275448246463428731321288894276052*I
3,2,1,0.65,0.08664704689795146494667125346323716716+0.05831184270626995227418525935884910894*I
3,2,1,0.7,0.09427979246857545842684241589960862065+0.0605309160614547927716115328790067616*I
3,2,1,0.75,0.10275913785337133217166364937817588024+0.06234009111111171492179883473807986304*I
3,2,1,0.8,0.11216202078131886264029832083538999147+0.06364009135616692777239677879514332631*I
3,2,1,0.85,0.12232219554328706826327183610411634295+0.06461672216328701429848415171486056585*I
3,2,1,0.9,0.13177042587682181875623274540865788819+0.06708192706955961294987870204667933915*I
3,2,1,0.91,0.13308174940841346628186918029591855769+0.06836949680226397921663937443250477735*I
3,2,1,0.92,0.133899622525393596569505179777714624+0.07029483214699336327805175700672785068*I
3,2,1,0.93,0.13392842019620698697426312565164137047+0.07321742412359281567728129300027072151*I
3,2,1,0.94,0.13265945583427188610433003374702619621+0.07774104452139424284253806051585821068*I
3,2,1,0.95,0.12915230814151825303131576173955445498+0.08494045383671619570449769690878732358*I
3,2,1,0.96,0.12148128687793169091195630603276005851+0.09688785809720840036198918697284669388*I
3,2,1,0.97,0.10504111971471191146204533220341248992+0.11806265657487089538968109566882956944*I
3,2,1,0.98,0.06550889040326239829807287418707758643+0.15996514881440883224358032469105634542*I
3,2,1,0.99,-0.07512393741100740409392093135509831828+0.25916650360813166484787923381299279227*I
3,3,1,0.05,0.0338500527567239803911593797535950504+0.02848199691410167700109162030905205196*I
3,3,1,0.1,0.03796067434808339357901201293942313367+0.03207740737248078181003560355732769195*I
3,3,1,0.15,0.04234596793428484640022183945107645962+0.03602101315613952043647395654908862475*I
3,3,1,0.2,0.04702876574534101081229325032358675574+0.04035127724394330163387042698356876574*I
3,3,1,0.25,0.05203639696464177885412681538071261965+0.04511233708208823045498092545202411082*I
3,3,1,0.3,0.05740214343273213532506599892555233767+0.05035494964356652040338208096247305647*I
3,3,1,0.35,0.06316740375762251774798985467980090289+0.05613761595493531947904283227133478762*I
3,3,1,0.4,0.06938500479800027239925134680457149961+0.0625279201855184288466208836213715827*I
3,3,1,0.45,0.07612443233088259702513225695375356022+0.06960412933963733800019173726550677377*I
3,3,1,0.5,0.08348038958697518595756948167658691379+0.07745712486901074313087930918892856391*I
3,3,1,0.7,0.12308782680844130357470442475154520146+0.11906455257683184011276995428284647555*I
3,3,1,0.75,0.13795292514752690526842544588010439587+0.1328742962654396176289823779467769643*I
3,3,1,0.8,0.15746447690874144388081594257581559876+0.14865331134563850429349147784150103754*I
3,3,1,0.85,0.18593870546816357934420801751151678633+0.16730066177287946620273702301244276539*I
3,3,1,0.9,0.23541096738966797611677524394831268246+0.19206027805935819862563050867962299619*I
3,3,1,0.91,0.25051898727269839791698717860742311847+0.19867722499351445856133778937945732282*I
3,3,1,0.92,0.2686677438336956309984623392107332931+0.20639603447319940337425938599677428977*I
3,3,1,0.93,0.29095443793968651836621848509264203293+0.21574621232890903685218125854128536421*I
3,3,1,0.94,0.31908827935944048566878334925939978129+0.22762736514151546564260234173141628982*I
3,3,1,0.95,0.3559070596267499778178168018210378226+0.24366837346983031372155743167349467426*I
3,3,1,0.96,0.40655479713924850079601855149383279683+0.26708667789681828437275724813936893171*I
3,3,1,0.97,0.48164247025718566750556849795704075792+0.30509950259132874616344145572544487718*I
3,3,1,0.98,0.6082086720170378751169462699403464898+0.37761771673662096786357798221290153155*I
3,3,1,0.99,0.89171076174084967800564879317497232235+0.56787975777555203273435126017675324235*I
4,-1,1,0.05,0.03102794130594925855106652033597851125+0.02259310227633690676262767950732479435*I
4,-1,1,0.1,0.03033840613802468187678306543666614715+0.02179417772999036229148997177039059383*I
4,-1,1,0.15,0.02987765528826152068634465137822385801+0.02099948864289862513288264467785483794*I
4,-1,1,0.2,0.02963906913035657418089784270856371108+0.02021370963434615105165787258147030158*I
4,-1,1,0.25,0.02961681083636727118169258316271272678+0.01944193819944202491571448595203541016*I
4,-1,1,0.3,0.02980549629804424886205340323247794653+0.01868968058333145936813743560368284779*I
4,-1,1,0.35,0.03019982066487999537594728059359836278+0.01796281177658699274034332368631993661*I
4,-1,1,0.4,0.03079411342574819076635915438450309501+0.01726748590896915733614403353003282035*I
4,-1,1,0.45,0.03158178560009554150511896771964575118+0.016609960101197121317680635812245505*I
4,-1,1,0.5,0.03255462030797393961952917649493708832+0.01599627249088205931544847145230105569*I
4,-1,1,0.55,0.03370184019625149506637242811477160394+0.01543167717141099621609048322259563833*I
4,-1,1,0.6,0.0350088596387805899176168518307797864+0.01491967318040128850595632517071215242*I
4,-1,1,0.65,0.03645559292312696436478309204156281815+0.01446034856756319775373792178163366697*I
4,-1,1,0.7,0.03801413634936416199533920935281991516+0.01404754814239126870978417531913857962*I
4,-1,1,0.75,0.039645561764170294126029586298476042+0.01366396662390100061234117893576433153*I
4,-1,1,0.8,0.04129542460157142876186991329900843843+0.01327243655737359970193711344816012771*I
4,-1,1,0.85,0.04288731152920128574076168655869094184+0.0127998011164807221739784477236913711*I
4,-1,1,0.9,0.04431296076577016591536246634378517341+0.01210482259546573336997641428717488481*I
4,-1,1,0.91,0.04456544173057788658554229173103675133+0.01191827018133644452649988923159059765*I
4,-1,1,0.92,0.04480363646685076699449798443161045999+0.01170921199868303789943674621773119342*I
4,-1,1,0.93,0.04502580251145321076055678465177595952+0.01147381039170150541790279951196092485*I
4,-1,1,0.94,0.04523000279461290965465960369854369504+0.01120752296533737629342388404261239799*I
4,-1,1,0.95,0.04541405286592194706702937093766106841+0.01090491028560249589811078809686521038*I
4,-1,1,0.96,0.0455754364794193935905163912157751122+0.01055935477787376386441578051758427096*I
4,-1,1,0.97,0.04571115922131000938118842657556375917+0.01016262079594873891172248791413149843*I
4,-1,1,0.98,0.04581746511606875120571037830009535862+0.00970409250018955928335349067243031105*I
4,-1,1,0.99,0.04588918239287348156538279113001210801+0.00916920853561756765710868765206053028*I
4,-2,1,0.05,0.02998146140452781475649812844288307475+0.02182764007868655724029065238633431991*I
4,-2,1,0.1,0.02824208120237906133304672176490474938+0.02032651585922280278676447509488766605*I
4,-2,1,0.15,0.02672136898948661848026221034704071386+0.01889099494420961579057276097835282882*I
4,-2,1,0.2,0.02540637861624077722147691096698176+0.01752338404028471081341749132523686507*I
4,-2,1,0.25,0.02428526626315670825271250173697574645+0.0162259603013004659263933193753252903*I
4,-2,1,0.3,0.02334690630256324360907233913900924601+0.01500095665093961682344205235238549922*I
4,-2,1,0.35,0.02258051692684908539878970465973182926+0.01385050499744918810672358461733864448*I
4,-2,1,0.4,0.02197527665707047466825933844253854361+0.01277652132980817928406877207595902432*I
4,-2,1,0.45,0.02151991324462007580135972113712244238+0.01178050883548362300364343681353221217*I
4,-2,1,0.5,0.0212022459029952354173162929915785728+0.01086324329621255162298551558085971227*I
4,-2,1,0.55,0.02100866038965884794095006122818753141+0.01002428688639051487076883297065378225*I
4,-2,1,0.6,0.02092349407895919585985468454880048174+0.00926124829785363095255351058520620284*I
4,-2,1,0.65,0.02092830394464609705022570305331764746+0.0085686618722323329431309976448786036*I
4,-2,1,0.7,0.02100098107552000582335271210846392693+0.00793628227232116082948889826833077999*I
4,-2,1,0.75,0.02111465064736569193544612930366512913+0.00734645333927033643482477761057167614*I
4,-2,1,0.8,0.02123622416173180312165108550011023318+0.00676993207061769334663845058075364591*I
4,-2,1,0.85,0.02132424877370536976143887146054434865+0.00615890211316426825327103616461755701*I
4,-2,1,0.9,0.02132495645477597404096964974262893937+0.00543409164440701958144008547194228516*I
4,-2,1,0.91,0.02130854955754576457046462564665499414+0.00526486421697836327047076077541444907*I
4,-2,1,0.92,0.02128499984649998832057606064198458569+0.00508437514652301282838134406456901765*I
4,-2,1,0.93,0.02125345739194591970904192044265649994+0.00489086109483449971545985733870374475*I
4,-2,1,0.94,0.02121295854464076454414785645806758146+0.00468226967381990732146917391490927992*I
4,-2,1,0.95,0.02116238918690220935877582088504363858+0.00445617745914221572745420808783291833*I
4,-2,1,0.96,0.02110042785954118214896541496632176989+0.00420966702660035420937497057806708613*I
4,-2,1,0.97,0.02102545145020173905540303962557656505+0.00393912913479313686201672349299898426*I
4,-2,1,0.98,0.02093536198148065334471126851227625243+0.0036399099254693259593517928053296835*I
4,-2,1,0.99,0.0208272090277517376696448087700986316+0.00330556366162622802757759044766263119*I
4,-3,1,0.05,0.02893701526157934785541327195453049383+0.02108222208358408637945090618034921649*I
4,-3,1,0.1,0.02615679844977814691516192133989126473+0.01893332729907516562447155877062385597*I
4,-3,1,0.15,0.02359648492128907708669631265366071049+0.01693803803835914293919709684695684769*I
4,-3,1,0.2,0.02124130894248285340453355365366827197+0.01508957652132496155782971318956159785*I
4,-3,1,0.25,0.01907818325417318178062239079214363333+0.01338168449044326472050163838141569874*I
4,-3,1,0.3,0.01709537920487399365505259720955126239+0.01180860309278270657254498733442461588*I
4,-3,1,0.35,0.01528226172102591117454192180610032954+0.01036503058931226675797866013194025133*I
4,-3,1,0.4,0.01362906604950311351269234996607544735+0.00904605808989714193269860695180856199*I
4,-3,1,0.45,0.01212670714904864503215178044340067332+0.00784708098422421570454887942184414817*I
4,-3,1,0.5,0.01076661585114273663283961836789367058+0.00676368099586798538505411374785076112*I
4,-3,1,0.55,0.00954059886918850231162268869021930382+0.00579147040164697504300538074537758916*I
4,-3,1,0.6,0.00844072277430040319297398146906791478+0.00492588523730965472092148518940949734*I
4,-3,1,0.65,0.00745922556625244813061283183634015328+0.00416190692500831116974574111293744819*I
4,-3,1,0.7,0.00658846398683766811033869340322496824+0.00349367885763579712556270046395445034*I
4,-3,1,0.75,0.00582091127203519565753602680457704595+0.00291395936475502139451529394968175075*I
4,-3,1,0.8,0.0051492311917083798677599691759874817+0.00241329790769080054908365800487272328*I
4,-3,1,0.85,0.00456647781406923822490427553638929351+0.00197868713176219791003519675602291019*I
4,-3,1,0.9,0.00406653460426566642044276001381678995+0.00159105484176626366119685091593688702*I
4,-3,1,0.91,0.00397605433010029791602698739668017392+0.00151677680738862159352267290992814308*I
4,-3,1,0.92,0.00388868239052045746053832388561289944+0.00144289121890094822302690090334558022*I
4,-3,1,0.93,0.00380440615567468762109985027566143613+0.00136902031309815280433219560604172092*I
4,-3,1,0.94,0.0037232229021865594301871386781406575+0.00129472660572891848881056618081314537*I
4,-3,1,0.95,0.00364514273101451950164388100355893195+0.00121949496065579662427834021503776889*I
4,-3,1,0.96,0.00357019293268044109678057476267201245+0.00114270534063880863781308765843487375*I
4,-3,1,0.97,0.00349842499927329132227131711677411002+0.00106358833226665175738208829518597318*I
4,-3,1,0.98,0.0034299271290138397101866746077426465+0.00098114452882583939135878879769148209*I
4,-3,1,0.99,0.00336485082389781685664720247874782118+0.00089397044370951676922928897573629736*I
4,-4,1,0.05,0.02789492946302648759976536347001048422+0.0203561556617422260332073769801250504*I
4,-4,1,0.1,0.02408484765536108241145501542883253187+0.01760970436611448820898096761175195869*I
4,-4,1,0.15,0.02050967868596830007520349778833252257+0.01512593774291534484504923660762674989*I
4,-4,1,0.2,0.01715725388705671446719735540099142115+0.01288142226344530809122913496059250502*I
4,-4,1,0.25,0.0140170577534073906537546969680974663+0.01085558137691351450808541476133695612*I
4,-4,1,0.3,0.01108007057747711346145646192502563798+0.00903033486979380910998142116008565634*I
4,-4,1,0.35,0.00833866851504626950746481346298377177+0.00738979967077074188955647577637215953*I
4,-4,1,0.4,0.00578657548575747830154512675611060446+0.00592004429612525591269145394905364101*I
4,-4,1,0.45,0.00341886672352385469103670812821141257+0.00460889180104209550718609656895056009*I
4,-4,1,0.5,0.00123202948723554574449627908623489906+0.00344576896042304169499001599554137224*I
4,-4,1,0.55,-0.00077590632994505581135370991874811413+0.00242160289103021410662086461204521236*I
4,-4,1,0.6,-0.00260514425554925638622526155739695897+0.00152877121253013857683064685068087591*I
4,-4,1,0.65,-0.00425376276804118783260865931515209594+0.00076111960680928362589098151377864672*I
4,-4,1,0.7,-0.00571714888586998452124706535820625009+0.00011407439808645925396296152587205791*I
4,-4,1,0.75,-0.00698708674986926583981742852516509581-0.0004150952096531570176444236815432067*I
4,-4,1,0.8,-0.00805022605968010766265965893073590739-0.00082675163016589986804953682408280792*I
4,-4,1,0.85,-0.00888531790571727461762968214607515938-0.00111784030708663599156583841406587327*I
4,-4,1,0.9,-0.0094576314496081963745918335085054439-0.00127962714371399855430828808254544091*I
4,-4,1,0.91,-0.00953589047394613188284945385913248462-0.00129501913553457856060707241427319453*I
4,-4,1,0.92,-0.00960066363758124280091685148226525196-0.00130426617516724960005644704909451795*I
4,-4,1,0.93,-0.00965114870452158617721065073309900383-0.00130707396808844888423867097592202374*I
4,-4,1,0.94,-0.00968639947855066029156451004819272252-0.00130308486035508157262348237779031794*I
4,-4,1,0.95,-0.0097052809575582516976535046785781671-0.00129185719134735548019963658801447626*I
4,-4,1,0.96,-0.00970640100259997530668789288189978775-0.00127283347777986542153793922566230361*I
4,-4,1,0.97,-0.00968799862958460348256051500498410102-0.00124528776576165982250193583049339789*I
4,-4,1,0.98,-0.00964774144275819812029480694446710198-0.00120822887964872634539581508043609177*I
4,-4,1,0.99,-0.00958228892022678938204098071754466993-0.00116018855192704442082847890226997323*I
4,0,1,0.05,0.03207611146780349590568251092370225942+0.02337933514392534483824031880398779315*I
4,0,1,0.1,0.0324432192947972929501091320314497194+0.02334169732923600894530033400473072815*I
4,0,1,0.15,0.03305736589641056763084613335180750876+0.02328031862203225529565429124361080361*I
4,0,1,0.2,0.03392198989303284655983935361117085938+0.02319727413424038060804647192830036038*I
4,0,1,0.25,0.03504187489621188861052669330644432052+0.0230955674987038201844700245589646619*I
4,0,1,0.3,0.03642310097022711204350754298723728146+0.0229792317607014629271352315974474537*I
4,0,1,0.35,0.03807295156758563512160883868344718865+0.02285346127523455215931024804966834414*I
4,0,1,0.4,0.03999974293071189426281658063892349558+0.02272477315714538081984013502544362802*I
4,0,1,0.45,0.04221252070875760047635396636202165467+0.02260119078459895244129531073978094051*I
4,0,1,0.5,0.04472053029770144412323725251244174202+0.02249242747874933116380117091877188948*I
4,0,1,0.55,0.04753229999780963033202053559642315223+0.02241001557566102498078782922440959158*I
4,0,1,0.6,0.05065405430706818846902244846428730544+0.02236725092627288777186495433774379196*I
4,0,1,0.65,0.0540869495000599761054298012643092073+0.02237864783499244761264986921222647277*I
4,0,1,0.7,0.05782219925983428153546134914632161212+0.02245817811263748361399689363585072054*I
4,0,1,0.75,0.06183235372560775861723302057189260388+0.02261450651847753649352504492412686174*I
4,0,1,0.8,0.06605552324297347072701783641213481271+0.02283860884114201041416785307987728639*I
4,0,1,0.85,0.07036710643749687891275401281285191302+0.02307115917108541852315072763344254692*I
4,0,1,0.9,0.07453340957102713697562183295555887971+0.02311314495585265239058860920196500607*I
4,0,1,0.91,0.07531774090639153203017227209234262612+0.02305889316689344476407815058540888216*I
4,0,1,0.92,0.07607718772938000255160376080831996259+0.02296849410178071224474128475233685781*I
4,0,1,0.93,0.0768077145210318905368949800418617049+0.02283216798085245227599628206770451567*I
4,0,1,0.94,0.07750531577956606279348554233980130928+0.02263781212121293103597031914036838498*I
4,0,1,0.95,0.07816624174603598250564968623377259854+0.02237045162044148704719085396260421267*I
4,0,1,0.96,0.07878731466136809964684944065802514774+0.02201154582832373467719052071848326175*I
4,0,1,0.97,0.07936633607630391570312236799399985111+0.021538072104599427745547584771822675*I
4,0,1,0.98,0.07990253196733071275370784258273524216+0.02092118537639175816756943506056974721*I
4,0,1,0.99,0.08039677449599592146205184436120473763+0.02012380188579623122740700538844833637*I
4,1,1,0.05,0.03312561123626089557402069970383963651+0.02418710115745284530479800677671139703*I
4,1,1,0.1,0.03455369273171334383244173262027019089+0.02497499861386997876875195235907313843*I
4,1,1,0.15,0.0362511333676839445947971732042029073+0.02575283578720074084697078772571227372*I
4,1,1,0.2,0.03823334059150020123933333558509816119+0.0265183061037382171546031979085445486*I
4,1,1,0.25,0.0405186965959140981249818715761410421+0.02726979012152595946171331390432071732*I
4,1,1,0.3,0.04312914143379983836070228988464118617+0.02800654822846752198543650949283288948*I
4,1,1,0.35,0.04609088725955493904688655079267534341+0.02872901507921890360767681189703011352*I
4,1,1,0.4,0.04943530358995975135917744973520439084+0.0294392425586753624654194594280158885*I
4,1,1,0.45,0.05320002402516540294178217723746499983+0.03014156222509631545058638393360998289*I
4,1,1,0.5,0.05743033750008114677590056085967025365+0.03084357624274927629147123542690019344*I
4,1,1,0.55,0.06218094011391326082575882336738619701+0.03155764596980498177207432001864445655*I
4,1,1,0.6,0.06751813126819935030231508899267228977+0.03230314193711763341441728791986962163*I
4,1,1,0.65,0.07352252483161799523522528834179224193+0.03310986315853768518324313664717471134*I
4,1,1,0.7,0.08029227423483480307214451193532037168+0.03402323164626457018524701099041190518*I
4,1,1,0.75,0.08794659775447915176398330243186018594+0.03511203849091935389906334513427655676*I
4,1,1,0.8,0.096628939710066569957538280442380686+0.03647914447396758666824416117249007995*I
4,1,1,0.85,0.10650904536462430034784395918693408484+0.03827201288914609286114751097751170208*I
4,1,1,0.9,0.11779314438930732367935765382063947328+0.04067083044040654812575927962951931137*I
4,1,1,0.91,0.12024384180086685039029025755884018741+0.04123578263509652099616177475111681757*I
4,1,1,0.92,0.12276859095562513743564778822451238858+0.04182906009342846708406627750708981557*I
4,1,1,0.93,0.12537475758847471506603717378728363562+0.0424490208061479017717350351672853221*I
4,1,1,0.94,0.1280733418781203830483799294836177981+0.04309309220222513266924334045396783074*I
4,1,1,0.95,0.13088114335177329681546177469336499715+0.04375832300181803687681981886124699591*I
4,1,1,0.96,0.13382387071296180566761122356143407233+0.04444323002414636266176578203638096971*I
4,1,1,0.97,0.13693987899777603320665371380042639753+0.04515236138541029959343727502576145248*I
4,1,1,0.98,0.14028261415014681862814033334115342266+0.04590558045603239552897739770227273061*I
4,1,1,0.99,0.14391640862090795857218539795228961135+0.04675297896988253466037827919165070076*I
4,2,1,0.05,0.034176062600300913734739090668622894+0.0250172011255159697578922861848252702*I
4,2,1,0.1,0.03666671679948707045932227563199336651+0.02670061687860886373073975647136620377*I
4,2,1,0.15,0.03944812998510308845124282097711455554+0.02843946887125664320041821188706776487*I
4,2,1,0.2,0.04254655185245563621713534199867462652+0.03023068381263608132386043278642423286*I
4,2,1,0.25,0.04599337538176566334187328847455326452+0.03207085349023749680724019771067132604*I
4,2,1,0.3,0.04982657145955353209656127216095404804+0.03395622277692804660058581067934579897*I
4,2,1,0.35,0.05409262150451572437543617557982119196+0.0358827742566374790320788854329167657*I
4,2,1,0.4,0.05884917892555330419009034907664944519+0.03784651225367410921794733366954061246*I
4,2,1,0.45,0.06416882033918699094945938195745787223+0.03984414565520222560319682709856327939*I
4,2,1,0.5,0.07014446850321627153186534084989537059+0.04187456448172107807596758068964992527*I
4,2,1,0.55,0.07689745788310083219414674587818625647+0.04394191540389301305146023876319448933*I
4,2,1,0.6,0.08458992612988766657839972677327202601+0.04606198180169515948925870640235656632*I
4,2,1,0.65,0.09344457913831180670511440925901584456+0.04827566531160747219057454511492207408*I
4,2,1,0.7,0.10377762091753816018685583448313131536+0.05067858202268443992030850971477936266*I
4,2,1,0.75,0.11605642740088330590265307497185854265+0.05349003642446536549111345528045059937*I
4,2,1,0.8,0.13100609755229954384159677186602613927+0.05722850565480195723219575412012760155*I
4,2,1,0.85,0.14981372322006975937059920960042803715+0.06321980938037951206325923499478228826*I
4,2,1,0.9,0.17447240308282040119378826022931567865+0.07539591576382776106899089232512468775*I
4,2,1,0.91,0.18034426658353308887969208654616323161+0.07945327752774519786765583140030895036*I
4,2,1,0.92,0.18656911234990733044929417140607055869+0.08446132479420120404483893388157465113*I
4,2,1,0.93,0.19313269927912102508706553635287300543+0.09074460026285878199036545061792464006*I
4,2,1,0.94,0.19996499122910905358376967061556977176+0.09877587746709815717206128483988390305*I
4,2,1,0.95,0.20686832438667629025975762892081408221+0.10926316866170933736946701123074358222*I
4,2,1,0.96,0.21334241075826365444620532547390342605+0.12329239283084225617268516105735892811*I
4,2,1,0.97,0.21812630973952816119394298518669062501+0.14252777686764533013096712070389608504*I
4,2,1,0.98,0.21794246660119453360460764242964209537+0.16922079280389585700358749480938735156*I
4,2,1,0.99,0.20468444439351283719771798168001262326+0.2040427644505058769784644740748130927*I
4,3,1,0.05,0.0352270700431475306985167821306072004+0.02587047668162794529577937538204630318*I
4,3,1,0.1,0.03877889577675388361341141606964606805+0.02852578129842697029999510815338094415*I
4,3,1,0.15,0.04263603502929850563979211657857786165+0.03136637259995590245295714369853727603*I
4,3,1,0.2,0.04683013678272228449346964704282615941+0.03440075574600821213972967390589317605*I
4,3,1,0.25,0.05139934292244517953344679204588576077+0.03763717965117764850353193599032728756*I
4,3,1,0.3,0.05639023963525535824982640240202390449+0.04108316739095874315193615991913886637*I
4,3,1,0.35,0.06186057426873713645446798948018323825+0.04474483389457813097131580126141015803*I
4,3,1,0.4,0.06788311904643509615814899393325312222+0.04862591010000799039263548577760163832*I
4,3,1,0.45,0.07455129621688247667052203581380409346+0.05272637338459905727409345087855751366*I
4,3,1,0.5,0.08198758665754684357480733407408291824+0.05704058216986218693828242638948205873*I
4,3,1,0.55,0.09035648456224840295242035178001849505+0.06155488110407565910060223956227113363*I
4,3,1,0.6,0.09988517114057937033317746265467223374+0.06624494557695795643248725314065506327*I
4,3,1,0.65,0.11089792003759054973383420264013363765+0.0710741835583902019780966309785113005*I
4,3,1,0.7,0.12387637176477910018159753974595166371+0.07599800780853569117554189909120315785*I
4,3,1,0.75,0.13957222599936674108502032392997022908+0.08099087129861698490881825824635115205*I
4,3,1,0.8,0.1592369623256885155061845340910815389+0.08615883875424403911435115346916605003*I
4,3,1,0.85,0.18515149861061261597420654065296004404+0.09220514543852707128742845884654235694*I
4,3,1,0.9,0.22211240008933094414501199617996912285+0.10271114895581216104669385375951004603*I
4,3,1,0.91,0.23167744405909645687925741008378440907+0.10643275200928766003153117233103586861*I
4,3,1,0.92,0.24230439368106290522643514087794690004+0.11132641699584458974475282928910089729*I
4,3,1,0.93,0.25423796804002906006555192264042934066+0.11799251514612537465398450685608216775*I
4,3,1,0.94,0.26782375684046893954364982851075711179+0.12743573878531294178627795272002166259*I
4,3,1,0.95,0.28357767054976974829241923170505706919+0.14144648793777547130289153342246154052*I
4,3,1,0.96,0.30233045050009046947074826350456086684+0.16350644512323358003462422574170681036*I
4,3,1,0.97,0.32556909023856956110938476995771240887+0.20131984653055950647010922752488311989*I
4,3,1,0.98,0.35637731747670344682227476226137686003+0.27596135456428749284652391126963064922*I
4,3,1,0.99,0.40190431447648422727879176688281311765+0.47602716662204279939768871081547718194*I
4,4,1,0.05,0.03627822045814035079590651806390081042+0.0267478129624796895249243424735764001*I
4,4,1,0.1,0.04088654844146544757253380780635939917+0.03045851067639485059326965544056091506*I
4,4,1,0.15,0.04580106859982749880618158189764580835+0.03456424374254330116938962297805869967*I
4,4,1,0.2,0.05104798243096114944892637317364345394+0.03911122047315915055172325207723195912*I
4,4,1,0.25,0.05665880232317337868302309298721550597+0.04415280324016374567649842024940285277*I
4,4,1,0.3,0.06267214165905464072334426699294310829+0.0497508147240144127408645468968873357*I
4,4,1,0.35,0.0691364054763394592052882621141250086+0.05597711808988827780273960668882281699*I
4,4,1,0.4,0.07611395080629966353468160768521029961+0.06291553096329925987727000092443712058*I
4,4,1,0.45,0.0836877247192875016020394265797417006+0.07066414697750839125943083554063032639*I
4,4,1,0.5,0.09197223370187833753406927654289872208+0.07933816113479521572188805557096311136*I
4,4,1,0.55,0.1011324041850645472117102078494673235+0.08907334545847861742866118347695434177*I
4,4,1,0.6,0.11141752889203752036365222311302231311+0.10003046763083568959342749499416119095*I
4,4,1,0.65,0.12322575778260714791455681185901701016+0.11240143303961173010334407255067015745*I
4,4,1,0.7,0.13723494046169752377103605696239871221+0.12641968272405711919281742886997938876*I
4,4,1,0.75,0.15469102885303956216334919168507680859+0.14238414207402297481608459901104908416*I
4,4,1,0.8,0.1781173684029267375585498522212150129+0.16073491161533333143294538223777115956*I
4,4,1,0.85,0.2133504969032777606448250037974163707+0.1823636136381789709492741750864471199*I
4,4,1,0.9,0.27697747234729820012764915313112603927+0.21028456174386993839932568109660220114*I
4,4,1,0.91,0.29687271483402005453318217249561275013+0.21748969944881080663507238551769812145*I
4,4,1,0.92,0.32099514039332399931700504615247338268+0.22575032159490434013357257211709865149*I
4,4,1,0.93,0.35090221456382164599221823488851459739+0.23557143997241198631238230902305533115*I
4,4,1,0.94,0.38902986856993746527300771954492319574+0.24781787811466341770935015078298656196*I
4,4,1,0.95,0.439438717182708609355749398760099267+0.26406739942071177301370637902919124449*I
4,4,1,0.96,0.50951923223071954763006340070657524408+0.287457660387784253948833022985867248*I
4,4,1,0.97,0.61458043028225416515362025685406732509+0.32506579379289515665186034189453799003*I
4,4,1,0.98,0.7938155222973055600093873863690345518+0.39648541933943125499213229356120061494*I
4,4,1,0.99,1.20106158070265405513732560091243411905+0.58367374585231749015975299824023779906*I
5,-1,1,0.05,0.03464780920790500305427143849034385925+0.02180092510285788421526163086347460621*I
5,-1,1,0.1,0.0341265181212878608666481413374993239+0.02116989397405468828973417463032520708*I
5,-1,1,0.15,0.03388512783687069276780935739565487369+0.02054848043929637692038014278172696889*I
5,-1,1,0.2,0.03391588169972419339837608163884407518+0.01994037441437442006292411610334036824*I
5,-1,1,0.25,0.03421215132503252377914278807692882538+0.01934976380740823407515447957137493019*I
5,-1,1,0.3,0.03476810649060488553736913725783466451+0.01878132320057861959419210207594717285*I
5,-1,1,0.35,0.03557833779044180962649363890912166693+0.01824018819874060911741423325459222707*I
5,-1,1,0.4,0.03663739652614831690072562247703288101+0.01773189585740198140721576299343104469*I
5,-1,1,0.45,0.03793920201550839405647295665983655521+0.0172622591870799458036494728219316425*I
5,-1,1,0.5,0.0394762438155344716595933572837473978+0.01683712141390678344820202610309802612*I
5,-1,1,0.55,0.04123847034056542850243159639268174422+0.01646189520701865597567626454951896256*I
5,-1,1,0.6,0.04321169773278264342209897967718541813+0.0161407172357590013037785515838737229*I
5,-1,1,0.65,0.04537527969332569678877317308085964473+0.01587490622518056510937708617074273343*I
5,-1,1,0.7,0.04769862673584216627972187315200497936+0.01566013347413375265065761757449410163*I
5,-1,1,0.75,0.05013591164844133408320423457941478822+0.01548114425122871200208703221671619134*I
5,-1,1,0.8,0.05261787483183763138846267883216970142+0.0153016433337335931364440955970200272*I
5,-1,1,0.85,0.05503889515928489131603557203110050193+0.01504414641962666190794885142952416357*I
5,-1,1,0.9,0.05723589359897928734764065425229270246+0.01454744398350701667878059072193758051*I
5,-1,1,0.91,0.0576280142681217173193761996866315505+0.01439434490420622143090466341958704536*I
5,-1,1,0.92,0.05799866481146024454987467070804694759+0.01421508241011123980519573582551242219*I
5,-1,1,0.93,0.05834484362362838779583488711642172379+0.01400481711660171108932732573414155491*I
5,-1,1,0.94,0.0586631737092371208648318158334740076+0.01375777946553613126737689585530505261*I
5,-1,1,0.95,0.05894980717190315015333508002905354479+0.01346702374689188859694587213503043548*I
5,-1,1,0.96,0.05920027526295752477023533813974142175+0.01312407485461582110029375481575858585*I
5,-1,1,0.97,0.05940923286411702719473379201400020376+0.01271838582564797426073617250292608582*I
5,-1,1,0.98,0.05956997214186704501697912426523598414+0.01223641661901181200147543611010909194*I
5,-1,1,0.99,0.05967331974809789149964777930383110534+0.01165978112698941461143564527573218337*I
5,-2,1,0.05,0.03368728318547296641261737901831715685+0.02118201752949623280739882508197953687*I
5,-2,1,0.1,0.03219514730660638770673895483094777247+0.01997353305658672246567114411779117636*I
5,-2,1,0.15,0.03096393775847808353631378121556030092+0.01881543377717912307484562024871242852*I
5,-2,1,0.2,0.02997773892604456249620241108216277141+0.01771028409498833034807713872936793128*I
5,-2,1,0.25,0.02922208776828767710814057146305387135+0.01666069464835122300747992611963239068*I
5,-2,1,0.3,0.02868352172361694478423104159373795718+0.01566928063331946931801400505624494746*I
5,-2,1,0.35,0.02834913021198598643206432615284518713+0.01473858890786791196225406656680316454*I
5,-2,1,0.4,0.02820608231352754783380128196494441849+0.01387097673732285571114305857296909004*I
5,-2,1,0.45,0.0282410990887565839950992017400341495+0.01306841667957861404109707672062699996*I
5,-2,1,0.5,0.02843983109794931261909337578328464262+0.01233218833571066014901242142269558693*I
5,-2,1,0.55,0.02878608829589858572387938287986746158+0.01166239483770676715337762938060948652*I
5,-2,1,0.6,0.02926084749283567657423201713644743621+0.0110572032001545256423474889791910822*I
5,-2,1,0.65,0.02984092603099738813094825391518671357+0.01051163989964803497597984966054984244*I
5,-2,1,0.7,0.03049714720858054032957125016985622883+0.01001564960285491235001809504752236433*I
5,-2,1,0.75,0.03119170669905790171209554617807036482+0.00955088783558101854467477190950197774*I
5,-2,1,0.8,0.03187421330260055935127989857052566242+0.00908522919681551903818723415601694344*I
5,-2,1,0.85,0.03247532716385157433527448767845852001+0.00856285625056019883341917803382307871*I
5,-2,1,0.9,0.03289535108884894785262875010563035139+0.00788482211025514754589536551500316162*I
5,-2,1,0.91,0.03294546875706990752948371734671080428+0.00771658652951303523978354726088709831*I
5,-2,1,0.92,0.03298087106669371056295196680287300907+0.00753314685382626894365615848111576616*I
5,-2,1,0.93,0.03299972693864842329901479945404096504+0.00733204219086352489085964318022669674*I
5,-2,1,0.94,0.03299994264428352010275394922049723462+0.00711037670662437258082093846368746526*I
5,-2,1,0.95,0.03297908517150932564666155062275975907+0.00686469792963044927415893626154228013*I
5,-2,1,0.96,0.03293426525540782364388148435906980606+0.00659081661822425197988558907707159389*I
5,-2,1,0.97,0.03286194558283377859301513439025188326+0.00628352100381471191372426267710559912*I
5,-2,1,0.98,0.03275759174161413526488978801093415136+0.00593607461893920970153317875221414383*I
5,-2,1,0.99,0.03261491705001173853799867943490534635+0.00553916911067525335559482189855873616*I
5,-3,1,0.05,0.0327271156659681166368833935774285494+0.02057623423475980208090154196487315012*I
5,-3,1,0.1,0.03026804651814915321335852488167507725+0.01882664024219644220118052730080342885*I
5,-3,1,0.15,0.02805886097224607114451240108025111135+0.01718716582297714927574845237877758287*I
5,-3,1,0.2,0.0260800971997088546272033378113494255+0.01565541247961750271561982161308068226*I
5,-3,1,0.25,0.02431439715758204389208600392591779628+0.01422902962051607242415653189204322801*I
5,-3,1,0.3,0.02274603405571125124149191914841394101+0.01290569166472737576267473835170866313*I
5,-3,1,0.35,0.02136050133066151229997892331341894819+0.01168304626088567694539468855396632305*I
5,-3,1,0.4,0.0201441407839167673178240860190763088+0.01055862748609713990730150683777178194*I
5,-3,1,0.45,0.0190837903624129026835051182576117482+0.00952972409753210883481665460578550147*I
5,-3,1,0.5,0.01816643281636694716113506532258918311+0.00859318735508844062706544315446021494*I
5,-3,1,0.55,0.01737882493612569875341512350149835117+0.00774515442998460491081214938979036612*I
5,-3,1,0.6,0.01670708235912056293846714633279067648+0.00698064975817308131257987464398571115*I
5,-3,1,0.65,0.01613618492779330289521488527635250435+0.0062930035883058496471536181958991235*I
5,-3,1,0.7,0.01564934746735714262165837965090382703+0.00567298545226271592485570151482364699*I
5,-3,1,0.75,0.01522715933066508852823983082326573185+0.00510747014253993982670768246363657447*I
5,-3,1,0.8,0.01484630409890164605117755884386637912+0.00457728463777819986695275075120440048*I
5,-3,1,0.85,0.01447744370347416134709185317274045247+0.00405348293201958829746080161749497946*I
5,-3,1,0.9,0.01408119073234502941656430408768792217+0.00349016960996194647511460164451111255*I
5,-3,1,0.91,0.01399401397344685952148883388119152607+0.0033667134399698753614673838018590956*I
5,-3,1,0.92,0.01390290677211790314978508685443350346+0.00323785212557229717234931258288698919*I
5,-3,1,0.93,0.0138071802866862794584196084120768957+0.0031025775389514162511066418003989576*I
5,-3,1,0.94,0.01370604537446043023768336337032922841+0.00295971178844180584141954962261363179*I
5,-3,1,0.95,0.01359858192557476755243672657275039926+0.00280785713352423047069439468458548182*I
5,-3,1,0.96,0.01348369216517310914861796544639207944+0.00264532048556280967573639308553714044*I
5,-3,1,0.97,0.0133600243627302015235218046328847488+0.00246999128412201456490541559606955243*I
5,-3,1,0.98,0.01322583461692070845430422359364442428+0.00227912235478412088361184835033742937*I
5,-3,1,0.99,0.01307868925901219410442090656352119168+0.00206886231770435534420236665624134184*I
5,-4,1,0.05,0.03176761830591083335889491922205009065+0.01998321286195445611346350617578098675*I
5,-4,1,0.1,0.02834743890494936415107549314430441617+0.01772660084961227033581125277313981909*I
5,-4,1,0.15,0.02517653514873772306220211539748252136+0.01565572991792174008266867343771339718*I
5,-4,1,0.2,0.02223672141744700144775771883451120961+0.01375882712428590422667126376822475845*I
5,-4,1,0.25,0.01951223273229631260168974974975011361+0.01202509572365170992662862666041210279*I
5,-4,1,0.3,0.01698932621095322621331722214977848099+0.01044463153653435303497809952797889168*I
5,-4,1,0.35,0.01465597296296795527006374004194366532+0.0090083348691997306804483431910101425*I
5,-4,1,0.4,0.01250162189619171140824492616719937488+0.00770781904584928308995006994883344489*I
5,-4,1,0.45,0.01051702325572266513004909547222822916+0.00653531535971547740660256822320321383*I
5,-4,1,0.5,0.00869410495695813293602419991575516223+0.00548357309980313067727284053131886753*I
5,-4,1,0.55,0.00702589972286256620273796899444319391+0.00454575203935401194228246634249977591*I
5,-4,1,0.6,0.00550652663624081950722075059507319498+0.00371530306807246204771687404700357101*I
5,-4,1,0.65,0.00413123841774723034719331811166287109+0.00298582997260730463084571797201606539*I
5,-4,1,0.7,0.00289655829497557090178684329529956285+0.00235092064389493267833990693862408706*I
5,-4,1,0.75,0.00180055382547758897368763129695896851+0.00180392682927561354638797108736343203*I
5,-4,1,0.8,0.00084334472494616745686501532960056468+0.00133765202768511350144039578801863489*I
5,-4,1,0.85,0.00002806156159469467087804299849009893+0.00094386034533574316392851581461819101*I
5,-4,1,0.9,-0.0006371848979054679441968464434267542+0.00061238651855913108708577125233123349*I
5,-4,1,0.91,-0.00075093043595899553031473484082487898+0.00055244058153179701583364796288742627*I
5,-4,1,0.92,-0.00085781252093191710085190055185046913+0.00049430971078252488515480185132357378*I
5,-4,1,0.93,-0.00095757815904892237474269668216619662+0.00043783714077822680214004757214434934*I
5,-4,1,0.94,-0.00104992346370200036150012467821574535+0.0003828458834054534801133938149375159*I
5,-4,1,0.95,-0.00113447806924579761707461834663945193+0.00032913264320414125041272273400430781*I
5,-4,1,0.96,-0.0012107814596957207741707880554695499+0.00027645857397638067858225765691966139*I
5,-4,1,0.97,-0.00127824440852146783310007259386324854+0.00022453418149313500236276514535376721*I
5,-4,1,0.98,-0.00133607933224309800222524964373856634+0.00017299189870391898164571320406090334*I
5,-4,1,0.99,-0.00138315080605726250174632864228922387+0.000121326624659654035260713777303377*I
5,-5,1,0.05,0.0308090891388478093732676717408909889+0.01940260503645920028332689577815955938*I
5,-5,1,0.1,0.02643534835681309775688187626163621981+0.01667099249011959255709843085206424938*I
5,-5,1,0.15,0.02232267782999271914811048194830594309+0.0142140131510668166690241719131670269*I
5,-5,1,0.2,0.0184587329559223105358151989073719517+0.01200584074557185395723489254275098316*I
5,-5,1,0.25,0.01483291014164195829878189745402220579+0.0100238573699490388911934884608552954*I
5,-5,1,0.3,0.01143620935026847861968667100447110251+0.00824823527062165581645950934500929889*I
5,-5,1,0.35,0.00826115727108704791248684477281697347+0.00666159287180163739253659011555218673*I
5,-5,1,0.4,0.00530178631725765817403681747646351605+0.00524871486229866104129120894619575702*I
5,-5,1,0.45,0.00255367080191309208728333566919513564+0.00399632942369809621270937010075635561*I
5,-5,1,0.5,0.00001402832275790734380525072051080915+0.00289293900746635460498210292386550791*I
5,-5,1,0.55,-0.00231809686959856191327092686451013636+0.00192870494914944148162289128224465579*I
5,-5,1,0.6,-0.0044415385067556475308771845729654978+0.00109539148240609896642147751847115674*I
5,-5,1,0.65,-0.00635254867938270669577787582870737405+0.00038638297781957508655844931723075477*I
5,-5,1,0.7,-0.00804408104833680952064826978678510351-0.00020319716865058983638165066450610087*I
5,-5,1,0.75,-0.0095046434986658239870931480119924321-0.00067620888580345377652998333147023729*I
5,-5,1,0.8,-0.01071637207801033296745715312500545423-0.00103293916759239140228931658282333105*I
5,-5,1,0.85,-0.0116515508171600912521737863185019775-0.00126999161135818041316088498183285041*I
5,-5,1,0.9,-0.01226556706051837448890791213598481251-0.00137788657868356407845422266550940556*I
5,-5,1,0.91,-0.01234387485060852978880522914662769643-0.0013824059287353668462923811611932569*I
5,-5,1,0.92,-0.01240554852388350148848324838686805394-0.00138071314848429193136512227073365026*I
5,-5,1,0.93,-0.01244956981492568890505774355687357951-0.00137249304583672261633646870098413604*I
5,-5,1,0.94,-0.01247473825018459775061709641780370844-0.00135736286366877490839043714608118332*I
5,-5,1,0.95,-0.01247961415450135604168284434388675117-0.00133485022872951452585927866269471989*I
5,-5,1,0.96,-0.0124624317461399600536009902221628364-0.00130435914859407438019844552607070692*I
5,-5,1,0.97,-0.0124209569477984168382324702013041811-0.00126511370150974311874708365069638765*I
5,-5,1,0.98,-0.01235222931316334732979237160961133859-0.00121605446626340645928532032184972709*I
5,-5,1,0.99,-0.01225200500194593119855187471168920306-0.00115561155885513594707629096596498502*I
5,0,1,0.05,0.03560836802780692481994937005996638306+0.02243333399904852885193053315162693*I
5,0,1,0.1,0.03605972329439921614263455842135504864+0.0224185498268724027454823781512513005*I
5,0,1,0.15,0.0368147756203281373291242267485088476+0.02239521885891831564645474421051358279*I
5,0,1,0.2,0.03787771755882116510449845365724832324+0.02236535200764201485214600223240177744*I
5,0,1,0.25,0.0392544170871764663752320129554271645+0.0223318596892420267942821513148273037*I
5,0,1,0.3,0.04095240039627085623760319603596867751+0.02229864955631449927954254918936315975*I
5,0,1,0.35,0.04298080325010381993639908532748015114+0.0222707546690223061976283494438126429*I
5,0,1,0.4,0.04535026238648772784661974254769526259+0.0222544911266741352007824110985451718*I
5,0,1,0.45,0.04807269944064428961463871224262050492+0.02225763874823695469363736252391598764*I
5,0,1,0.5,0.05116091774240652557465255332022134738+0.02228962560692284797063260126151372705*I
5,0,1,0.55,0.05462787686707659036811716279109620286+0.02236166858884350955831080159605670105*I
5,0,1,0.6,0.05848541212612774024054605025057197755+0.02248675867211035214741634030000040746*I
5,0,1,0.65,0.06274199061753440928638995267879822521+0.02267923743820015223456956277611681659*I
5,0,1,0.7,0.06739877386156321114384229822105509256+0.02295338472440605451456353150597060698*I
5,0,1,0.75,0.07244265959024242478312752331749009168+0.02331965851098652451139473196474046847*I
5,0,1,0.8,0.07783386588664451819072863350776225376+0.02377527714178809635004306971818995011*I
5,0,1,0.85,0.08348364506135558657283918361413008952+0.02428063340815299885786487698365413111*I
5,0,1,0.9,0.08921475874372873186337633087641351017+0.02469803187139130965911238266629112102*I
5,0,1,0.91,0.09034526141871567536166995644366906322+0.02474365698716350997613854671575502318*I
5,0,1,0.92,0.09146290172246299469086551348501131034+0.02476626541642507835747020584339062541*I
5,0,1,0.93,0.09256360772636991641216631734881309233+0.02475918769901740822894555946841082169*I
5,0,1,0.94,0.09364283554095419183009612056410526989+0.02471411680989024152616533813984308074*I
5,0,1,0.95,0.09469551863785766171672125105553668534+0.02462064817138572898920723274785429475*I
5,0,1,0.96,0.09571599065915575382046920578570379171+0.0244656412566420008343283811389161568*I
5,0,1,0.97,0.0966978365564805957933058230423281401+0.02423228379206824924643806303933699442*I
5,0,1,0.98,0.09763354073445182953718333818337457416+0.02389859039736142359861451607360548663*I
5,0,1,0.99,0.09851347734667490690375892717753026725+0.02343456792564931929513137632107760698*I
5,1,1,0.05,0.03656861945896506416953058439867244658+0.02307963669244361735439942529436578022*I
5,1,1,0.1,0.03799210091972135892821176194235900621+0.02372256159143230569097434020492740416*I
5,1,1,0.15,0.03974410372243291752997891261673942045+0.02436568297992591634970101955818682143*I
5,1,1,0.2,0.04184295735839561067146852486411392635+0.0250082232269246626141150102569446775*I
5,1,1,0.25,0.04431035441574440198227700813736913725+0.02565024761606165705182475583203805126*I
5,1,1,0.3,0.04717194752452545570491901046007800702+0.02629286665125120968119947613140723644*I
5,1,1,0.35,0.05045807440170442160737699667454392561+0.02693853054568779945472945370612008856*I
5,1,1,0.4,0.05420464545795711262697855273073350491+0.02759145651773808612067095684305455476*I
5,1,1,0.45,0.05845423461580089341137590351662311933+0.0282582512695492403263200825365248664*I
5,1,1,0.5,0.06325741798247306821103133365905200918+0.02894882656537886752390246760201254738*I
5,1,1,0.55,0.06867439989474425948673568407072089173+0.0296777652403059299135160875012859664*I
5,1,1,0.6,0.07477693304150655073915902994668669152+0.03046639667145739056240356641711767473*I
5,1,1,0.65,0.08165042881267164644810015019355764696+0.03134601850635871231235095119147771677*I
5,1,1,0.7,0.08939582636012909492399357700051056517+0.03236301514762147556756534932425027499*I
5,1,1,0.75,0.0981298350896379281974231589761877288+0.03358716220169867675149211143704505005*I
5,1,1,0.8,0.10797929571432221803344102131169362729+0.03512518330667402968053752555902609909*I
5,1,1,0.85,0.11905617998372720918054082756136655096+0.03714164079205399435646844170850164165*I
5,1,1,0.9,0.13136749597595637631968586072348557752+0.03987914774288281182258709068542944214*I
5,1,1,0.91,0.13395633257056398932558541265301423804+0.04053809671485871865726639472231538153*I
5,1,1,0.92,0.13657485674692387784042150753484849909+0.04123809682940290547590026995843201166*I
5,1,1,0.93,0.13921358216475299645041677647843303411+0.04197893434740426674466392830093183519*I
5,1,1,0.94,0.14185994110534495952541040158851537464+0.04275813788037004740276216422682997868*I
5,1,1,0.95,0.14449758812945875916013283730823645684+0.04356952559051155531685232079490825895*I
5,1,1,0.96,0.14710574965255718267598714387049470691+0.04440095246790658097013864563890528238*I
5,1,1,0.97,0.14965886741484254850437791898295005534+0.04523088021566404271445055251362506525*I
5,1,1,0.98,0.1521269790345898240573034693861471322+0.04602328307621697586286733550727422591*I
5,1,1,0.99,0.1544773050938727762610062740208061118+0.04672021396173901545542820454161451133*I
5,2,1,0.05,0.03752820839741212530005241326343361801+0.02374024186965966183960410877406030811*I
5,2,1,0.1,0.03992074874132180783991912381324638689+0.02508524876907170153570689815393337418*I
5,2,1,0.15,0.04266310387883338876119853557822551485+0.02647120795222927727025284468268761277*I
5,2,1,0.2,0.04578735902996821705159701040871693204+0.02789607177970144946638254022569850852*I
5,2,1,0.25,0.04933158393185275276541202626024168134+0.02935803025641294283332698171473129067*I
5,2,1,0.3,0.05334136529743301360923862714853095635+0.0308556595973117568625288199822099217*I
5,2,1,0.35,0.05787182376482738075226519743805118229+0.03238818544199758456612234887439951716*I
5,2,1,0.4,0.06299031923643720446773935125843152828+0.03395594025821986790570317825895945206*I
5,2,1,0.45,0.068780152131597757276810166251518751+0.03556115337265763929060293342286487958*I
5,2,1,0.5,0.07534573697526933123887057467756773759+0.03720932166057950752404144790676023356*I
5,2,1,0.55,0.0828200083325482056340171881934440063+0.0389116203485622243236443005620768526*I
5,2,1,0.6,0.09137531140255961114745624056143653551+0.04068923956357558580487250537908089725*I
5,2,1,0.65,0.10123991603056128112501244003587946282+0.04258143831868200161705047948435410009*I
5,2,1,0.7,0.11272395083542996287482663499342987854+0.04466116356670816310883217979526929547*I
5,2,1,0.75,0.1262617601653165011996678601895090059+0.04706714057178186589187706631156095447*I
5,2,1,0.8,0.14248392518275406025296818516389112406+0.05007513382744910358609505445325531523*I
5,2,1,0.85,0.16234281797348738113810633481451633534+0.05427404226897137540403474015430245229*I
5,2,1,0.9,0.18731298578137658959796385691414641434+0.06107172263953090062685760228508572677*I
5,2,1,0.91,0.19309653375697557842068602795202466071+0.06300457448680233059338794201548465438*I
5,2,1,0.92,0.19918413612701002603456627161699275522+0.06523099783174939386138644419050733066*I
5,2,1,0.93,0.20558873722044371399391540137294897885+0.06782016516814081069924533205220614431*I
5,2,1,0.94,0.21231425922728127252273391328704223784+0.07086122561412482741014005613958258877*I
5,2,1,0.95,0.21934614878983369163905641919869846916+0.07446875978947485190404658522293526729*I
5,2,1,0.96,0.22663393658437512997753549040329882166+0.07878703971960864671575195537202442083*I
5,2,1,0.97,0.23406062151959232521139680896881482832+0.08398636475228146683627457440174155271*I
5,2,1,0.98,0.2413970352664959078874077626525907685+0.09023285694270930811003346288301214816*I
5,2,1,0.99,0.24826676440473639715475787123138672971+0.09759907896771011123645135296170797598*I
5,3,1,0.05,0.0384867643800363485060297868327513321+0.02441557525337197194873947077279838204*I
5,3,1,0.1,0.04184250974297094423363213557924249591+0.0265102164442068086706193563510153637*I
5,3,1,0.15,0.045560424105188838685280048865064993+0.02872464104495580208220472563478291819*I
5,3,1,0.2,0.04968223177890656290056783554590082054+0.03106097109953018278320290612750017988*I
5,3,1,0.25,0.05425828167268773564236047917625656551+0.0335210058494695702358079642298722943*I
5,3,1,0.3,0.05935010621458610272995212197772652691+0.0361060919803985014487026544598518624*I
5,3,1,0.35,0.06503395052285551215838029685613244268+0.03881700943389303536661113079637372661*I
5,3,1,0.4,0.0714057462420597401900856978961180476+0.04165393399149471178482520712868302368*I
5,3,1,0.45,0.07858829240097149536565000757115431759+0.04461661286312386261675706053574844783*I
5,3,1,0.5,0.08674191038111101928516649743756816208+0.04770505264350704867618253274428684299*I
5,3,1,0.55,0.09608076283505002981377609787660667605+0.05092138301747323201958201911349069794*I
5,3,1,0.6,0.10689879882768062571087307338115409058+0.05427440395881364272714293960925498687*I
5,3,1,0.65,0.1196128985405366109101113622738734645+0.0577903884796113663079962484915401573*I
5,3,1,0.7,0.13483869257286226474644980810144783054+0.06153912240717075703000816667069011499*I
5,3,1,0.75,0.15353342113280411485457642326218827564+0.065699697950642889004524552334050178*I
5,3,1,0.8,0.17729074193128949039983401264812349956+0.07074106664285765809172901632134894869*I
5,3,1,0.85,0.20902921099434001128463717006976045666+0.07798771087699387644814278320407267665*I
5,3,1,0.9,0.2549106189297677434978352284410333887+0.09182752479945836756775665945040818231*I
5,3,1,0.91,0.26685858512910752581528287056330662398+0.09646152193769926702582501692916437261*I
5,3,1,0.92,0.28014107307892841296118144198043982336+0.10226235915940163061667728575629903617*I
5,3,1,0.93,0.29503398945627472355055248217761349186+0.10969819418493098808786574955811838727*I
5,3,1,0.94,0.31189277840381494813962048128206231096+0.119500650130268974542071716682874664*I
5,3,1,0.95,0.33116899157015093150071129745163648756+0.13287604392760166000349113565870696951*I
5,3,1,0.96,0.35339095573037993548674402994936602724+0.15195891683855550222707896675430636802*I
5,3,1,0.97,0.37893483530313943130533028260366980452+0.18090651618732671764405827149235842202*I
5,3,1,0.98,0.40654089084037734092790066844286961082+0.2289520605664552834819646162956135299*I
5,3,1,0.99,0.42180795023384701839012239845209412485+0.31933691800066575978560428601552228874*I
5,4,1,0.05,0.03944390113970221589568960536373027861+0.02510608047039987696078482528732954498*I
5,4,1,0.1,0.04375395756171427941301704759811872873+0.02800138535486854903678459123732437862*I
5,4,1,0.15,0.0484232543313034889902626317437067272+0.03114058911447893830768173634977280442*I
5,4,1,0.2,0.05349393398259172679623700014221652006+0.03454111589082933843830439597764221011*I
5,4,1,0.25,0.05901756568254726963033547312613885016+0.0382214197989501680086002822941302172*I
5,4,1,0.3,0.06505817755397993934970213556579949436+0.04220075877524530603758983766372028859*I
5,4,1,0.35,0.07169657095620110922747692083148556183+0.04649879821348339187410393082722653399*I
5,4,1,0.4,0.0790365956214189418687709817802981437+0.05113496808620606212347938865891990879*I
5,4,1,0.45,0.08721450733238828983855020655892463744+0.05612747597371855230498437089524524991*I
5,4,1,0.5,0.09641332582563180981671425766441985022+0.06149187286299776768255571974151598667*I
5,4,1,0.55,0.1068856046930000258170455228934943549+0.06723913253823025950219748328807716846*I
5,4,1,0.6,0.11899097630413535107966023935157416259+0.07337350937580922403270240249049510158*I
5,4,1,0.65,0.13326103421313510324218517556818167567+0.07989152922509695654718221272713718503*I
5,4,1,0.7,0.15051816557910780912050812469900922951+0.08678717889931723260904400723460863529*I
5,4,1,0.75,0.17211001988286264055299165867902184338+0.09408140159632110402609065659827735967*I
5,4,1,0.8,0.20042083435708476230702845105467334247+0.10194418538773618948917717539954454254*I
5,4,1,0.85,0.24015917670022198533870787827912491049+0.11120346934840572909179598757123961582*I
5,4,1,0.9,0.30244262379772624575626400156561460686+0.12585990411245766568690300478334936696*I
5,4,1,0.91,0.31980135553688342138038681789857176604+0.13064181603604822666776512354920655636*I
5,4,1,0.92,0.33976508934877195841530456021962910675+0.13673966265199032205579802105635985179*I
5,4,1,0.93,0.36310342630420259492665762701617677967+0.14481630851250498680403339369357252001*I
5,4,1,0.94,0.39097488467698768713850366739327755231+0.15597852817996621880933234173688345037*I
5,4,1,0.95,0.42524293564380871551020442139800862471+0.17219178942319394418644489569348322011*I
5,4,1,0.96,0.46919270165170282648214107549897921556+0.19725813333852412892654163557954397782*I
5,4,1,0.97,0.52944917247755920284852901626842269526+0.23952403830293249168066212565919270257*I
5,4,1,0.98,0.62261063149268613991779540575826282341+0.32154165204621106460976471693541820929*I
5,4,1,0.99,0.81227819094599470108931594274838625455+0.53611273655518393885492062053381723835*I
5,5,1,0.05,0.04039921615792449320010443832078004804+0.02581221996677920094958653655586982015*I
5,5,1,0.1,0.04565138188890847295537321079926200733+0.02956302536884771459573438621246874889*I
5,5,1,0.15,0.05123721391722815885905115141205114444+0.03373571027598318418748374028233287634*I
5,5,1,0.2,0.05718339590984483635158073340151955924+0.03838223862446767509699585526892927776*I
5,5,1,0.25,0.06352204630281382428565236804897125525+0.04356297283572830820526504538435919561*I
5,5,1,0.3,0.07029261514336656326615096671283535806+0.049348313010773010981396187987388021*I
5,5,1,0.35,0.07754478353627780366237726253794156662+0.05582071426897720426810181659308541677*I
5,5,1,0.4,0.08534302110600656165642059109893658077+0.0630771788883755132666269858851122336*I
5,5,1,0.45,0.09377397496371524019178997777139402993+0.07123234756255149382517848777080014558*I
5,5,1,0.5,0.10295887075905279101640690807934182674+0.0804223545123204327887569761498462689*I
5,5,1,0.55,0.11307515638479190061913082034031764812+0.09080968238815650850783794466271894679*I
5,5,1,0.6,0.12439602422940034927873345582150985921+0.10258941562975291920314957062256000744*I
5,5,1,0.65,0.13736655049027795864691341139293009329+0.1159977624899697738151382401492163067*I
5,5,1,0.7,0.15276028067324435612141488375601648226+0.13132532217210785530100248606151026162*I
5,5,1,0.75,0.17202900250913496868577056982866431288+0.14894372555279743194532237899197240131*I
5,5,1,0.8,0.1981744472040680939927774908577504467+0.1693808626487179952561646381716354937*I
5,5,1,0.85,0.2382841083626562843610215855843243499+0.19361542850092415066503742816649496169*I
5,5,1,0.9,0.31292640405308975633346967512111486997+0.22466145986332267891728699959612234019*I
5,5,1,0.91,0.3367310327984380318698154606300970276+0.23252849472438820193017456502395980938*I
5,5,1,0.92,0.36582831095587340352333529984557267903+0.2414458051629651541893928598615432965*I
5,5,1,0.93,0.40221073989123949461010005386118595901+0.25190215298490249539684745331345364864*I
5,5,1,0.94,0.44900834960966468249412671991617715276+0.26473658794086465250101656150695218743*I
5,5,1,0.95,0.51146236904242577519669185073799012917+0.28148416767456016995020818772742905746*I
5,5,1,0.96,0.59915674131291741644727872099352128757+0.30520643309890750460452821083523305692*I
5,5,1,0.97,0.73204186560070616882800359624227718764+0.3428273376889703869830253696443780574*I
5,5,1,0.98,0.96146210061723062735206523571896285556+0.41356032449492235019185580079882828571*I
5,5,1,0.99,1.49009309583752084883024853781251532555+0.59795792925221430440930073762918054937*I
